Community Name	Ecological Origin	Member Count	Keystone Biosensor	Key Support Members	Biosensor Signal (iModulon Target)	Relevance to DOE Mission	Publication URL
Maize Root Simplified Community	Maize rhizosphere	7	TBD	Enterobacter cloacae AA4, Stenotrophomonas maltophilia AA1, Ochrobactrum pituitosum AA2	TBD	Plant-microbe interactions; Fusarium resistance for bioenergy crops	https://doi.org/10.1073/pnas.1616148114
Sorghum SRC1 (subset)	Sorghum rhizosphere	16-20	TBD	Multiple Pseudomonas, Bacillus, Arthrobacter strains	TBD	Bioenergy crop productivity; Field-tested yield enhancement	https://doi.org/10.1093/ismejo/wrae126
At-RSPHERE SynCom	Arabidopsis roots	5-20	TBD	Variable based on assembly	TBD	Carbon cycling; Plant productivity enhancement	https://doi.org/10.1038/nature16192
Lotus Lj-SC3	Lotus japonicus roots	16	TBD	Burkholderiaceae, Rhizobiaceae members	TBD	Nitrogen fixation; Legume-microbe interactions	https://doi.org/10.1038/s41564-021-00941-9
Wheat Consortium C1	Wheat rhizosphere	3	TBD	Cupriavidus campinensis B20, Asticcacaulis sp. B27	TBD	Pathogen suppression; Biocontrol for agriculture	https://doi.org/10.3389/fmicb.2022.908981
Wheat Consortium C6	Wheat rhizosphere	4	TBD	Janthinobacterium lividum BJ, Pseudomonas sp. P25, others	TBD	Rhizoctonia solani inhibition; Crop protection	https://doi.org/10.3389/fmicb.2022.908981
Synechococcus-E.coli SPC	Synthetic phototroph-heterotroph	2	Synechococcus elongatus cscB+	Escherichia coli K-12	Sucrose secretion monitoring	Biofuel precursor production; Carbon fixation	https://doi.org/10.1038/s41467-020-17612-8
Synechococcus-Bacillus SPC	Synthetic phototroph-heterotroph	2	Synechococcus elongatus cscB+	Bacillus subtilis 168	Sucrose utilization	Sustainable growth; Carbon cycling	https://doi.org/10.1038/s41467-020-17612-8
Synechococcus-Yarrowia SPC	Synthetic phototroph-heterotroph	2	Synechococcus elongatus cscB+	Yarrowia lipolytica Po1g	Sucrose to lipids conversion	Biofuel production; Metabolic coupling	https://doi.org/10.1038/s41467-020-17612-8
Chlamydomonas-Microbacterium H2	Algae-bacteria consortium	4	Chlamydomonas reinhardtii	Microbacterium forte, Bacillus cereus, Stenotrophomonas goyi	Hydrogen production monitoring	Sustainable H2 production; Bioenergy	https://doi.org/10.1016/j.scitotenv.2023.169559
Coscinodiscus Synthetic Community	Marine phytoplankton	5	Coscinodiscus radiatus	Mameliella CS4, Roseovarius Rose1, Croceibacter Crocei1, Marinobacter CS1	TBD	Carbon cycling; Primary production	https://doi.org/10.1128/aem.01247-22
Pseudo-nitzschia-Sulfitobacter	Marine diatom association	2	Pseudo-nitzschia multiseries	Sulfitobacter sp. SA11	Auxin signaling	Ocean carbon cycling; Primary production	https://doi.org/10.1038/nature14488
Chlamydomonas-Methylobacterium	Freshwater algae	2	Chlamydomonas reinhardtii	Methylobacterium aquaticum	IAA production/degradation	Nitrogen stress response; Mutualism	https://doi.org/10.1016/j.isci.2023.108263
Phormidium Alkaline Consortium	Soda lakes	8-12	Candidatus Phormidium alkaliphilum	Wenzhouxiangella sp., multiple heterotrophs	Carbon flux monitoring	Carbon sequestration; 4-year stable growth	https://doi.org/10.3389/fmicb.2022.780346
Chlorella-Rhizobium Bioflocculation	Wastewater treatment	2	Chlorella vulgaris	Rhizobium radiobacter F2	Bioflocculant production	Algal harvesting; Biofuel production	https://doi.org/10.1111/jbm.12334
Syntrophomonas-Methanospirillum	Anaerobic digesters	2	Syntrophomonas wolfei	Methanospirillum hungatei	H2/formate transfer	Butyrate degradation; Methane production	https://doi.org/10.1128/aem.41.4.1029-1039.1981
Pelotomaculum-Methanothermobacter	Thermophilic digesters	2	Pelotomaculum thermopropionicum	Methanothermobacter thermautotrophicus	H2 transfer; Coaggregation	Propionate degradation at 55°C	https://doi.org/10.1099/00207713-52-5-1729
Syntrophobacter-Methanospirillum	Anaerobic environments	2	Syntrophobacter fumaroxidans	Methanospirillum hungatei	Formate/H2 transfer	Propionate oxidation; Biogeochemical cycling	https://doi.org/10.1099/00207713-48-4-1383
Syntrophobacter-Methanobacterium	Anaerobic environments	2	Syntrophobacter fumaroxidans	Methanobacterium formicicum	Formate/H2 transfer	Syntrophic metabolism; Methane production	https://doi.org/10.1099/00207713-48-4-1383
Desulfovibrio-Methanococcus	Sulfate-free environments	2	Desulfovibrio vulgaris Hildenborough	Methanococcus maripaludis S2	Lactate oxidation coupling	Syntrophic lactate metabolism	https://doi.org/10.1128/JB.00356-09
Geobacter-Methanosarcina DIET	Sediments/biofilms	2	Geobacter metallireducens	Methanosarcina barkeri	Direct electron transfer	Ethanol oxidation via DIET	https://doi.org/10.1128/AEM.00895-14
Geobacter-Methanosaeta DIET	Anaerobic sediments	2	Geobacter metallireducens	Methanosaeta harundinacea	Direct electron transfer	Conductive aggregate formation	https://doi.org/10.1039/C3EE42189A
Syntrophus Benzoate Degrader	Anaerobic sediments	2	Syntrophus aciditrophicus SB	Methanospirillum hungatei	Aromatic compound sensing	Benzoate degradation; Bioremediation	https://doi.org/10.1128/aem.66.3.847-853.2000
DVM Tri-culture	Laboratory synthetic	3	Desulfovibrio vulgaris	Methanococcus maripaludis, Methanosarcina barkeri	Sulfate response	Geochemical gradient response	https://doi.org/10.1098/rsif.2019.0129
Phenol Carboxylation Consortium	Enrichment culture	3-4	TBD	Short motile rod, long non-motile rod, Desulfovibrio sp., Methanospirillum	Phenol to benzoate conversion	Aromatic pollutant mineralization	https://doi.org/10.1007/BF00256225
Cinnamate β-oxidation Consortium	Anaerobic enrichment	3	Papillibacter cinnamivorans	Syntrophus sp., Methanobacterium formicicum	Cinnamate degradation	Aromatic compound metabolism	https://doi.org/10.1007/s00284-002-3799-7
SF356 Cellulose Degrader	Composting system	5	Clostridium straminisolvens CSK1	Clostridium FG4, Pseudoxanthomonas M1-3, Brevibacillus M1-5, Bordetella M1-6	Cellulose hydrolysis	Lignocellulose degradation at 50°C	https://doi.org/10.1128/AEM.71.11.7099-7106.2005
MAMC-M48 Lignocellulose	Sugarcane waste	5	TBD	Stenotrophomonas JN40, Paenibacillus PALXIL05, Microbacterium UYFA68, Chryseobacterium DUCC3723, Brevundimonas R3	TBD	50.6% lignocellulose degradation	https://doi.org/10.1007/s00248-017-1141-5
Okeke-Lu Cellulolytic	Alabama soil	5	TBD	Pseudoxanthomonas DB1, Microbacterium DB2, Bacillus DB7, Ochrobactrum DB8, Klebsiella DB13	Cellulase/Xylanase activity	Dual cellulose/hemicellulose degradation	https://doi.org/10.1007/s12010-010-9091-0
Trichoderma Lactate Platform	Heterogeneous synthetic	3-5	Trichoderma reesei Rut-C30	Lactobacillus pentosus, Clostridium tyrobutyricum	Oxygen gradient response	Direct lignocellulose to SCFAs	https://doi.org/10.1126/science.abb1214
Soybean N-fixation sfSynCom	Soybean rhizosphere	3-5	Bradyrhizobium elkanii BXYD3	Two Pantoea spp. (helper strains)	AHL quorum sensing	Enhanced symbiotic N-fixation	https://doi.org/10.1111/jipb.13881
MSC-1 Dominant Core	Arid grassland soil	13	TBD	Rhodococcus sp., Dyadobacter sp., Taibaiella sp., Bosea sp., Streptomyces sp.	TBD	Chitin degradation; N-mineralization	https://doi.org/10.3389/fmicb.2020.01987
GOM Oil-Degrading Consortium	Gulf of Mexico	4	TBD	Pseudomonas sp., Halopseudomonas aestusnigri GOM5, Paenarthrobacter GOM3, Alcanivorax sp.	Hydrocarbon degradation	62% oil removal; PAH degradation	https://doi.org/10.3389/fmars.2022.962071
Geobacter-Clostridium DIET	Laboratory synthetic	2	Geobacter sulfurreducens	Clostridium pasteurianum	Electron transfer monitoring	Glycerol fermentation shift; 1,3-propanediol	https://doi.org/10.1038/srep44334
							
Jeff Dangl's SynComm 35 to interrogate plant immune responses	Arabidopsis root commensals	35				Plant-Microbe Interactions	https://www.pnas.org/doi/10.1073/pnas.2100678118